{"cameraMode":{"drawMode":0,"name":"Shaded","section":"Shading Mode"},"sceneLighting":true,"audioPlay":false,"sceneViewState":{"showFog":true,"showMaterialUpdate":false,"showSkybox":true,"showFlares":true,"showImageEffects":true,"showParticleSystems":true,"showVisualEffectGraphs":true,"m_FxEnabled":true},"in2DMode":false,"pivot":{"x":0.979572057723999,"y":1.429281234741211,"z":-3.213290214538574},"rotation":{"x":0.39843615889549258,"y":0.0027473950758576395,"z":-0.0011948994360864163,"w":0.9171997308731079},"size":2.592758893966675,"orthographic":false}