{"cameraMode":{"drawMode":0,"name":"Shaded","section":"Shading Mode"},"sceneLighting":false,"audioPlay":false,"sceneViewState":{"showFog":true,"showMaterialUpdate":false,"showSkybox":false,"showFlares":true,"showImageEffects":true,"showParticleSystems":true,"showVisualEffectGraphs":true,"m_FxEnabled":true},"in2DMode":false,"pivot":{"x":5.0799946784973148,"y":-2.26967453956604,"z":0.9006047248840332},"rotation":{"x":0.3662078082561493,"y":0.01758379116654396,"z":-0.006921736989170313,"w":0.9303432703018189},"size":0.30104953050613406,"orthographic":false}