{"cameraMode":{"drawMode":0,"name":"Shaded","section":"Shading Mode"},"sceneLighting":true,"audioPlay":false,"sceneViewState":{"showFog":true,"showMaterialUpdate":false,"showSkybox":true,"showFlares":true,"showImageEffects":true,"showParticleSystems":true,"showVisualEffectGraphs":true,"m_FxEnabled":true},"in2DMode":false,"pivot":{"x":25.990222930908204,"y":-0.9002345204353333,"z":40.17694854736328},"rotation":{"x":-0.22886765003204347,"y":0.12285380810499191,"z":-0.029130637645721437,"w":-0.9652386903762817},"size":10.342667579650879,"orthographic":false}