{"cameraMode":{"drawMode":0,"name":"Shaded","section":"Shading Mode"},"sceneLighting":true,"audioPlay":false,"sceneViewState":{"showFog":true,"showMaterialUpdate":false,"showSkybox":true,"showFlares":true,"showImageEffects":true,"showParticleSystems":true,"showVisualEffectGraphs":true,"m_FxEnabled":true},"in2DMode":false,"pivot":{"x":25.003747940063478,"y":-0.5545991659164429,"z":25.061859130859376},"rotation":{"x":0.052474454045295718,"y":0.007489623036235571,"z":-0.0003937962173949927,"w":0.998600959777832},"size":99.53056335449219,"orthographic":true}