{"cameraMode":{"drawMode":0,"name":"Shaded","section":"Shading Mode"},"sceneLighting":true,"audioPlay":false,"sceneViewState":{"showFog":true,"showMaterialUpdate":false,"showSkybox":true,"showFlares":true,"showImageEffects":true,"showParticleSystems":true,"showVisualEffectGraphs":true,"m_FxEnabled":true},"in2DMode":false,"pivot":{"x":-0.43884122371673586,"y":-1.6797409057617188,"z":5.8655805587768559},"rotation":{"x":0.31864675879478457,"y":-0.007113579660654068,"z":0.0023912289179861547,"w":0.9478486776351929},"size":7.282290935516357,"orthographic":false}