{"cameraMode":{"drawMode":0,"name":"Shaded","section":"Shading Mode"},"sceneLighting":true,"audioPlay":false,"sceneViewState":{"showFog":true,"showMaterialUpdate":false,"showSkybox":true,"showFlares":true,"showImageEffects":true,"showParticleSystems":true,"showVisualEffectGraphs":true,"m_FxEnabled":true},"in2DMode":false,"pivot":{"x":0.003571152687072754,"y":0.952276349067688,"z":-0.333335280418396},"rotation":{"x":0.39273756742477419,"y":0.2234548032283783,"z":-0.09898591041564942,"w":0.8865825533866882},"size":2.320655584335327,"orthographic":true}